image_id,car_id,genmodel_id,image_path,view_type,source_image_path
92_44$$1362$$0,car_92_44,92_44,images/car_92_44/Toyota$$Yaris$$2000$$Blue$$92_44$$1362$$image_0.jpg,0,data/Confirmed_fronts/confirmed_fronts/Toyota/2000/Toyota$$Yaris$$2000$$Blue$$92_44$$1362$$image_0.jpg
92_44$$1362$$1,car_92_44,92_44,images/car_92_44/Toyota$$Yaris$$2000$$Blue$$92_44$$1362$$image_1.jpg,0,data/Confirmed_fronts/confirmed_fronts/Toyota/2000/Toyota$$Yaris$$2000$$Blue$$92_44$$1362$$image_1.jpg
92_44$$1421$$0,car_92_44,92_44,images/car_92_44/Toyota$$Yaris$$2000$$Gold$$92_44$$1421$$image_0.jpg,0,data/Confirmed_fronts/confirmed_fronts/Toyota/2000/Toyota$$Yaris$$2000$$Gold$$92_44$$1421$$image_0.jpg
92_44$$18$$0,car_92_44,92_44,images/car_92_44/Toyota$$Yaris$$2003$$Black$$92_44$$18$$image_0.jpg,0,data/Confirmed_fronts/confirmed_fronts/Toyota/2003/Toyota$$Yaris$$2003$$Black$$92_44$$18$$image_0.jpg
92_44$$1484$$1,car_92_44,92_44,images/car_92_44/Toyota$$Yaris$$2003$$Blue$$92_44$$1484$$image_1.jpg,0,data/Confirmed_fronts/confirmed_fronts/Toyota/2003/Toyota$$Yaris$$2003$$Blue$$92_44$$1484$$image_1.jpg
92_30$$100$$2,car_92_30,92_30,images/car_92_30/Toyota$$Prius$$2006$$Black$$92_30$$100$$image_2.jpg,0,data/Confirmed_fronts/confirmed_fronts/Toyota/2006/Toyota$$Prius$$2006$$Black$$92_30$$100$$image_2.jpg
92_30$$369$$1,car_92_30,92_30,images/car_92_30/Toyota$$Prius$$2006$$Black$$92_30$$369$$image_1.jpg,0,data/Confirmed_fronts/confirmed_fronts/Toyota/2006/Toyota$$Prius$$2006$$Black$$92_30$$369$$image_1.jpg
92_30$$369$$6,car_92_30,92_30,images/car_92_30/Toyota$$Prius$$2006$$Black$$92_30$$369$$image_6.jpg,0,data/Confirmed_fronts/confirmed_fronts/Toyota/2006/Toyota$$Prius$$2006$$Black$$92_30$$369$$image_6.jpg
92_30$$499$$0,car_92_30,92_30,images/car_92_30/Toyota$$Prius$$2006$$Black$$92_30$$499$$image_0.jpg,0,data/Confirmed_fronts/confirmed_fronts/Toyota/2006/Toyota$$Prius$$2006$$Black$$92_30$$499$$image_0.jpg
92_30$$20$$0,car_92_30,92_30,images/car_92_30/Toyota$$Prius$$2007$$Bronze$$92_30$$20$$image_0.jpg,0,data/Confirmed_fronts/confirmed_fronts/Toyota/2007/Toyota$$Prius$$2007$$Bronze$$92_30$$20$$image_0.jpg
92_34$$405$$4,car_92_34,92_34,images/car_92_34/Toyota$$RAV4$$2010$$Blue$$92_34$$405$$image_4.jpg,0,data/Confirmed_fronts/confirmed_fronts/Toyota/2010/Toyota$$RAV4$$2010$$Blue$$92_34$$405$$image_4.jpg
92_34$$390$$2,car_92_34,92_34,images/car_92_34/Toyota$$RAV4$$2010$$Grey$$92_34$$390$$image_2.jpg,0,data/Confirmed_fronts/confirmed_fronts/Toyota/2010/Toyota$$RAV4$$2010$$Grey$$92_34$$390$$image_2.jpg
92_34$$390$$3,car_92_34,92_34,images/car_92_34/Toyota$$RAV4$$2010$$Grey$$92_34$$390$$image_3.jpg,0,data/Confirmed_fronts/confirmed_fronts/Toyota/2010/Toyota$$RAV4$$2010$$Grey$$92_34$$390$$image_3.jpg
92_34$$24$$8,car_92_34,92_34,images/car_92_34/Toyota$$RAV4$$2011$$Beige$$92_34$$24$$image_8.jpg,0,data/Confirmed_fronts/confirmed_fronts/Toyota/2011/Toyota$$RAV4$$2011$$Beige$$92_34$$24$$image_8.jpg
92_34$$341$$2,car_92_34,92_34,images/car_92_34/Toyota$$RAV4$$2011$$Beige$$92_34$$341$$image_2.jpg,0,data/Confirmed_fronts/confirmed_fronts/Toyota/2011/Toyota$$RAV4$$2011$$Beige$$92_34$$341$$image_2.jpg
92_19$$201$$0,car_92_19,92_19,images/car_92_19/Toyota$$Hilux$$2007$$Black$$92_19$$201$$image_0.jpg,0,data/Confirmed_fronts/confirmed_fronts/Toyota/2007/Toyota$$Hilux$$2007$$Black$$92_19$$201$$image_0.jpg
92_19$$538$$13,car_92_19,92_19,images/car_92_19/Toyota$$Hilux$$2007$$Silver$$92_19$$538$$image_13.jpg,0,data/Confirmed_fronts/confirmed_fronts/Toyota/2007/Toyota$$Hilux$$2007$$Silver$$92_19$$538$$image_13.jpg
92_19$$481$$0,car_92_19,92_19,images/car_92_19/Toyota$$Hilux$$2007$$White$$92_19$$481$$image_0.jpg,0,data/Confirmed_fronts/confirmed_fronts/Toyota/2007/Toyota$$Hilux$$2007$$White$$92_19$$481$$image_0.jpg
92_19$$663$$2,car_92_19,92_19,images/car_92_19/Toyota$$Hilux$$2008$$Black$$92_19$$663$$image_2.jpg,0,data/Confirmed_fronts/confirmed_fronts/Toyota/2008/Toyota$$Hilux$$2008$$Black$$92_19$$663$$image_2.jpg
92_19$$262$$8,car_92_19,92_19,images/car_92_19/Toyota$$Hilux$$2008$$Silver$$92_19$$262$$image_8.jpg,0,data/Confirmed_fronts/confirmed_fronts/Toyota/2008/Toyota$$Hilux$$2008$$Silver$$92_19$$262$$image_8.jpg
92_21$$168$$21,car_92_21,92_21,images/car_92_21/Toyota$$Land Cruiser$$2003$$Blue$$92_21$$168$$image_21.jpg,0,data/Confirmed_fronts/confirmed_fronts/Toyota/2003/Toyota$$Land Cruiser$$2003$$Blue$$92_21$$168$$image_21.jpg
92_21$$206$$0,car_92_21,92_21,images/car_92_21/Toyota$$Land Cruiser$$2003$$Blue$$92_21$$206$$image_0.jpg,0,data/Confirmed_fronts/confirmed_fronts/Toyota/2003/Toyota$$Land Cruiser$$2003$$Blue$$92_21$$206$$image_0.jpg
92_21$$304$$17,car_92_21,92_21,images/car_92_21/Toyota$$Land Cruiser$$2003$$Blue$$92_21$$304$$image_17.jpg,0,data/Confirmed_fronts/confirmed_fronts/Toyota/2003/Toyota$$Land Cruiser$$2003$$Blue$$92_21$$304$$image_17.jpg
92_21$$128$$0,car_92_21,92_21,images/car_92_21/Toyota$$Land Cruiser$$2006$$Black$$92_21$$128$$image_0.jpg,0,data/Confirmed_fronts/confirmed_fronts/Toyota/2006/Toyota$$Land Cruiser$$2006$$Black$$92_21$$128$$image_0.jpg
92_21$$284$$8,car_92_21,92_21,images/car_92_21/Toyota$$Land Cruiser$$2006$$Black$$92_21$$284$$image_8.jpg,0,data/Confirmed_fronts/confirmed_fronts/Toyota/2006/Toyota$$Land Cruiser$$2006$$Black$$92_21$$284$$image_8.jpg
92_11$$77$$1,car_92_11,92_11,images/car_92_11/Toyota$$Corolla$$2000$$Blue$$92_11$$77$$image_1.jpg,0,data/Confirmed_fronts/confirmed_fronts/Toyota/2000/Toyota$$Corolla$$2000$$Blue$$92_11$$77$$image_1.jpg
92_11$$54$$2,car_92_11,92_11,images/car_92_11/Toyota$$Corolla$$2000$$Red$$92_11$$54$$image_2.jpg,0,data/Confirmed_fronts/confirmed_fronts/Toyota/2000/Toyota$$Corolla$$2000$$Red$$92_11$$54$$image_2.jpg
92_11$$87$$0,car_92_11,92_11,images/car_92_11/Toyota$$Corolla$$2000$$Red$$92_11$$87$$image_0.jpg,0,data/Confirmed_fronts/confirmed_fronts/Toyota/2000/Toyota$$Corolla$$2000$$Red$$92_11$$87$$image_0.jpg
92_11$$1$$3,car_92_11,92_11,images/car_92_11/Toyota$$Corolla$$2000$$Silver$$92_11$$1$$image_3.jpg,0,data/Confirmed_fronts/confirmed_fronts/Toyota/2000/Toyota$$Corolla$$2000$$Silver$$92_11$$1$$image_3.jpg
92_11$$45$$0,car_92_11,92_11,images/car_92_11/Toyota$$Corolla$$2003$$Black$$92_11$$45$$image_0.jpg,0,data/Confirmed_fronts/confirmed_fronts/Toyota/2003/Toyota$$Corolla$$2003$$Black$$92_11$$45$$image_0.jpg
92_2$$45$$0,car_92_2,92_2,images/car_92_2/Toyota$$Alphard$$2003$$Black$$92_2$$45$$image_0.jpg,0,data/Confirmed_fronts/confirmed_fronts/Toyota/2003/Toyota$$Alphard$$2003$$Black$$92_2$$45$$image_0.jpg
92_2$$37$$0,car_92_2,92_2,images/car_92_2/Toyota$$Alphard$$2003$$Burgundy$$92_2$$37$$image_0.jpg,0,data/Confirmed_fronts/confirmed_fronts/Toyota/2003/Toyota$$Alphard$$2003$$Burgundy$$92_2$$37$$image_0.jpg
92_2$$24$$33,car_92_2,92_2,images/car_92_2/Toyota$$Alphard$$2006$$Black$$92_2$$24$$image_33.jpg,0,data/Confirmed_fronts/confirmed_fronts/Toyota/2006/Toyota$$Alphard$$2006$$Black$$92_2$$24$$image_33.jpg
92_2$$24$$4,car_92_2,92_2,images/car_92_2/Toyota$$Alphard$$2006$$Black$$92_2$$24$$image_4.jpg,0,data/Confirmed_fronts/confirmed_fronts/Toyota/2006/Toyota$$Alphard$$2006$$Black$$92_2$$24$$image_4.jpg
92_2$$31$$5,car_92_2,92_2,images/car_92_2/Toyota$$Alphard$$2007$$Black$$92_2$$31$$image_5.jpg,0,data/Confirmed_fronts/confirmed_fronts/Toyota/2007/Toyota$$Alphard$$2007$$Black$$92_2$$31$$image_5.jpg
34_3$$1387$$0,car_34_3,34_3,images/car_34_3/Honda$$CR-V$$2000$$Black$$34_3$$1387$$image_0.jpg,0,data/Confirmed_fronts/confirmed_fronts/Honda/2000/Honda$$CR-V$$2000$$Black$$34_3$$1387$$image_0.jpg
34_3$$1264$$1,car_34_3,34_3,images/car_34_3/Honda$$CR-V$$2003$$Black$$34_3$$1264$$image_1.jpg,0,data/Confirmed_fronts/confirmed_fronts/Honda/2003/Honda$$CR-V$$2003$$Black$$34_3$$1264$$image_1.jpg
34_3$$169$$14,car_34_3,34_3,images/car_34_3/Honda$$CR-V$$2003$$Black$$34_3$$169$$image_14.jpg,0,data/Confirmed_fronts/confirmed_fronts/Honda/2003/Honda$$CR-V$$2003$$Black$$34_3$$169$$image_14.jpg
34_3$$1723$$6,car_34_3,34_3,images/car_34_3/Honda$$CR-V$$2003$$Black$$34_3$$1723$$image_6.jpg,0,data/Confirmed_fronts/confirmed_fronts/Honda/2003/Honda$$CR-V$$2003$$Black$$34_3$$1723$$image_6.jpg
34_3$$671$$19,car_34_3,34_3,images/car_34_3/Honda$$CR-V$$2007$$Black$$34_3$$671$$image_19.jpg,0,data/Confirmed_fronts/confirmed_fronts/Honda/2007/Honda$$CR-V$$2007$$Black$$34_3$$671$$image_19.jpg
34_11$$11$$0,car_34_11,34_11,images/car_34_11/Honda$$Jazz$$2003$$Black$$34_11$$11$$image_0.jpg,0,data/Confirmed_fronts/confirmed_fronts/Honda/2003/Honda$$Jazz$$2003$$Black$$34_11$$11$$image_0.jpg
34_11$$920$$9,car_34_11,34_11,images/car_34_11/Honda$$Jazz$$2003$$Black$$34_11$$920$$image_9.jpg,0,data/Confirmed_fronts/confirmed_fronts/Honda/2003/Honda$$Jazz$$2003$$Black$$34_11$$920$$image_9.jpg
34_11$$316$$10,car_34_11,34_11,images/car_34_11/Honda$$Jazz$$2006$$Black$$34_11$$316$$image_10.jpg,0,data/Confirmed_fronts/confirmed_fronts/Honda/2006/Honda$$Jazz$$2006$$Black$$34_11$$316$$image_10.jpg
34_11$$316$$9,car_34_11,34_11,images/car_34_11/Honda$$Jazz$$2006$$Black$$34_11$$316$$image_9.jpg,0,data/Confirmed_fronts/confirmed_fronts/Honda/2006/Honda$$Jazz$$2006$$Black$$34_11$$316$$image_9.jpg
34_11$$422$$5,car_34_11,34_11,images/car_34_11/Honda$$Jazz$$2006$$Black$$34_11$$422$$image_5.jpg,0,data/Confirmed_fronts/confirmed_fronts/Honda/2006/Honda$$Jazz$$2006$$Black$$34_11$$422$$image_5.jpg
34_2$$683$$0,car_34_2,34_2,images/car_34_2/Honda$$Civic$$2000$$Black$$34_2$$683$$image_0.jpg,0,data/Confirmed_fronts/confirmed_fronts/Honda/2000/Honda$$Civic$$2000$$Black$$34_2$$683$$image_0.jpg
34_2$$616$$0,car_34_2,34_2,images/car_34_2/Honda$$Civic$$2000$$Blue$$34_2$$616$$image_0.jpg,0,data/Confirmed_fronts/confirmed_fronts/Honda/2000/Honda$$Civic$$2000$$Blue$$34_2$$616$$image_0.jpg
34_2$$321$$2,car_34_2,34_2,images/car_34_2/Honda$$Civic$$2000$$Silver$$34_2$$321$$image_2.jpg,0,data/Confirmed_fronts/confirmed_fronts/Honda/2000/Honda$$Civic$$2000$$Silver$$34_2$$321$$image_2.jpg
34_2$$303$$0,car_34_2,34_2,images/car_34_2/Honda$$Civic$$2009$$Black$$34_2$$303$$image_0.jpg,0,data/Confirmed_fronts/confirmed_fronts/Honda/2009/Honda$$Civic$$2009$$Black$$34_2$$303$$image_0.jpg
34_2$$740$$6,car_34_2,34_2,images/car_34_2/Honda$$Civic$$2009$$Black$$34_2$$740$$image_6.jpg,0,data/Confirmed_fronts/confirmed_fronts/Honda/2009/Honda$$Civic$$2009$$Black$$34_2$$740$$image_6.jpg
34_8$$323$$3,car_34_8,34_8,images/car_34_8/Honda$$HR-V$$2000$$Blue$$34_8$$323$$image_3.jpg,0,data/Confirmed_fronts/confirmed_fronts/Honda/2000/Honda$$HR-V$$2000$$Blue$$34_8$$323$$image_3.jpg
34_8$$323$$4,car_34_8,34_8,images/car_34_8/Honda$$HR-V$$2000$$Blue$$34_8$$323$$image_4.jpg,0,data/Confirmed_fronts/confirmed_fronts/Honda/2000/Honda$$HR-V$$2000$$Blue$$34_8$$323$$image_4.jpg
34_8$$169$$4,car_34_8,34_8,images/car_34_8/Honda$$HR-V$$2015$$Black$$34_8$$169$$image_4.jpg,0,data/Confirmed_fronts/confirmed_fronts/Honda/2015/Honda$$HR-V$$2015$$Black$$34_8$$169$$image_4.jpg
34_8$$225$$4,car_34_8,34_8,images/car_34_8/Honda$$HR-V$$2015$$Black$$34_8$$225$$image_4.jpg,0,data/Confirmed_fronts/confirmed_fronts/Honda/2015/Honda$$HR-V$$2015$$Black$$34_8$$225$$image_4.jpg
34_8$$417$$0,car_34_8,34_8,images/car_34_8/Honda$$HR-V$$2015$$Black$$34_8$$417$$image_0.jpg,0,data/Confirmed_fronts/confirmed_fronts/Honda/2015/Honda$$HR-V$$2015$$Black$$34_8$$417$$image_0.jpg
34_1$$46$$0,car_34_1,34_1,images/car_34_1/Honda$$Accord$$2000$$Blue$$34_1$$46$$image_0.jpg,0,data/Confirmed_fronts/confirmed_fronts/Honda/2000/Honda$$Accord$$2000$$Blue$$34_1$$46$$image_0.jpg
34_1$$21$$6,car_34_1,34_1,images/car_34_1/Honda$$Accord$$2000$$Silver$$34_1$$21$$image_6.jpg,0,data/Confirmed_fronts/confirmed_fronts/Honda/2000/Honda$$Accord$$2000$$Silver$$34_1$$21$$image_6.jpg
34_1$$101$$0,car_34_1,34_1,images/car_34_1/Honda$$Accord$$2003$$Blue$$34_1$$101$$image_0.jpg,0,data/Confirmed_fronts/confirmed_fronts/Honda/2003/Honda$$Accord$$2003$$Blue$$34_1$$101$$image_0.jpg
34_1$$161$$4,car_34_1,34_1,images/car_34_1/Honda$$Accord$$2003$$Blue$$34_1$$161$$image_4.jpg,0,data/Confirmed_fronts/confirmed_fronts/Honda/2003/Honda$$Accord$$2003$$Blue$$34_1$$161$$image_4.jpg
34_1$$88$$11,car_34_1,34_1,images/car_34_1/Honda$$Accord$$2003$$Blue$$34_1$$88$$image_11.jpg,0,data/Confirmed_fronts/confirmed_fronts/Honda/2003/Honda$$Accord$$2003$$Blue$$34_1$$88$$image_11.jpg
57_10$$941$$12,car_57_10,57_10,images/car_57_10/Mazda$$Mazda2$$2006$$Black$$57_10$$941$$image_12.jpg,0,data/Confirmed_fronts/confirmed_fronts/Mazda/2006/Mazda$$Mazda2$$2006$$Black$$57_10$$941$$image_12.jpg
57_10$$550$$6,car_57_10,57_10,images/car_57_10/Mazda$$Mazda2$$2006$$Blue$$57_10$$550$$image_6.jpg,0,data/Confirmed_fronts/confirmed_fronts/Mazda/2006/Mazda$$Mazda2$$2006$$Blue$$57_10$$550$$image_6.jpg
57_10$$965$$3,car_57_10,57_10,images/car_57_10/Mazda$$Mazda2$$2006$$Blue$$57_10$$965$$image_3.jpg,0,data/Confirmed_fronts/confirmed_fronts/Mazda/2006/Mazda$$Mazda2$$2006$$Blue$$57_10$$965$$image_3.jpg
57_10$$338$$0,car_57_10,57_10,images/car_57_10/Mazda$$Mazda2$$2006$$Grey$$57_10$$338$$image_0.jpg,0,data/Confirmed_fronts/confirmed_fronts/Mazda/2006/Mazda$$Mazda2$$2006$$Grey$$57_10$$338$$image_0.jpg
57_10$$255$$1,car_57_10,57_10,images/car_57_10/Mazda$$Mazda2$$2007$$Blue$$57_10$$255$$image_1.jpg,0,data/Confirmed_fronts/confirmed_fronts/Mazda/2007/Mazda$$Mazda2$$2007$$Blue$$57_10$$255$$image_1.jpg
57_11$$237$$0,car_57_11,57_11,images/car_57_11/Mazda$$Mazda3$$2006$$Black$$57_11$$237$$image_0.jpg,0,data/Confirmed_fronts/confirmed_fronts/Mazda/2006/Mazda$$Mazda3$$2006$$Black$$57_11$$237$$image_0.jpg
57_11$$532$$3,car_57_11,57_11,images/car_57_11/Mazda$$Mazda3$$2006$$Black$$57_11$$532$$image_3.jpg,0,data/Confirmed_fronts/confirmed_fronts/Mazda/2006/Mazda$$Mazda3$$2006$$Black$$57_11$$532$$image_3.jpg
57_11$$1549$$4,car_57_11,57_11,images/car_57_11/Mazda$$Mazda3$$2007$$Grey$$57_11$$1549$$image_4.jpg,0,data/Confirmed_fronts/confirmed_fronts/Mazda/2007/Mazda$$Mazda3$$2007$$Grey$$57_11$$1549$$image_4.jpg
57_11$$1233$$21,car_57_11,57_11,images/car_57_11/Mazda$$Mazda3$$2008$$Black$$57_11$$1233$$image_21.jpg,0,data/Confirmed_fronts/confirmed_fronts/Mazda/2008/Mazda$$Mazda3$$2008$$Black$$57_11$$1233$$image_21.jpg
57_11$$1233$$41,car_57_11,57_11,images/car_57_11/Mazda$$Mazda3$$2008$$Black$$57_11$$1233$$image_41.jpg,0,data/Confirmed_fronts/confirmed_fronts/Mazda/2008/Mazda$$Mazda3$$2008$$Black$$57_11$$1233$$image_41.jpg
57_13$$1156$$0,car_57_13,57_13,images/car_57_13/Mazda$$Mazda6$$2003$$Black$$57_13$$1156$$image_0.jpg,0,data/Confirmed_fronts/confirmed_fronts/Mazda/2003/Mazda$$Mazda6$$2003$$Black$$57_13$$1156$$image_0.jpg
57_13$$205$$0,car_57_13,57_13,images/car_57_13/Mazda$$Mazda6$$2003$$Blue$$57_13$$205$$image_0.jpg,0,data/Confirmed_fronts/confirmed_fronts/Mazda/2003/Mazda$$Mazda6$$2003$$Blue$$57_13$$205$$image_0.jpg
57_13$$206$$5,car_57_13,57_13,images/car_57_13/Mazda$$Mazda6$$2003$$Silver$$57_13$$206$$image_5.jpg,0,data/Confirmed_fronts/confirmed_fronts/Mazda/2003/Mazda$$Mazda6$$2003$$Silver$$57_13$$206$$image_5.jpg
57_13$$463$$11,car_57_13,57_13,images/car_57_13/Mazda$$Mazda6$$2006$$Black$$57_13$$463$$image_11.jpg,0,data/Confirmed_fronts/confirmed_fronts/Mazda/2006/Mazda$$Mazda6$$2006$$Black$$57_13$$463$$image_11.jpg
57_13$$463$$12,car_57_13,57_13,images/car_57_13/Mazda$$Mazda6$$2006$$Black$$57_13$$463$$image_12.jpg,0,data/Confirmed_fronts/confirmed_fronts/Mazda/2006/Mazda$$Mazda6$$2006$$Black$$57_13$$463$$image_12.jpg
57_6$$165$$4,car_57_6,57_6,images/car_57_6/Mazda$$CX-3$$2015$$Black$$57_6$$165$$image_4.jpg,0,data/Confirmed_fronts/confirmed_fronts/Mazda/2015/Mazda$$CX-3$$2015$$Black$$57_6$$165$$image_4.jpg
57_6$$175$$17,car_57_6,57_6,images/car_57_6/Mazda$$CX-3$$2015$$Black$$57_6$$175$$image_17.jpg,0,data/Confirmed_fronts/confirmed_fronts/Mazda/2015/Mazda$$CX-3$$2015$$Black$$57_6$$175$$image_17.jpg
57_6$$177$$16,car_57_6,57_6,images/car_57_6/Mazda$$CX-3$$2015$$Black$$57_6$$177$$image_16.jpg,0,data/Confirmed_fronts/confirmed_fronts/Mazda/2015/Mazda$$CX-3$$2015$$Black$$57_6$$177$$image_16.jpg
57_6$$234$$3,car_57_6,57_6,images/car_57_6/Mazda$$CX-3$$2015$$Black$$57_6$$234$$image_3.jpg,0,data/Confirmed_fronts/confirmed_fronts/Mazda/2015/Mazda$$CX-3$$2015$$Black$$57_6$$234$$image_3.jpg
57_6$$255$$3,car_57_6,57_6,images/car_57_6/Mazda$$CX-3$$2015$$Black$$57_6$$255$$image_3.jpg,0,data/Confirmed_fronts/confirmed_fronts/Mazda/2015/Mazda$$CX-3$$2015$$Black$$57_6$$255$$image_3.jpg
57_7$$316$$0,car_57_7,57_7,images/car_57_7/Mazda$$CX-5$$2012$$Black$$57_7$$316$$image_0.jpg,0,data/Confirmed_fronts/confirmed_fronts/Mazda/2012/Mazda$$CX-5$$2012$$Black$$57_7$$316$$image_0.jpg
57_7$$422$$11,car_57_7,57_7,images/car_57_7/Mazda$$CX-5$$2012$$Black$$57_7$$422$$image_11.jpg,0,data/Confirmed_fronts/confirmed_fronts/Mazda/2012/Mazda$$CX-5$$2012$$Black$$57_7$$422$$image_11.jpg
57_7$$915$$0,car_57_7,57_7,images/car_57_7/Mazda$$CX-5$$2012$$Black$$57_7$$915$$image_0.jpg,0,data/Confirmed_fronts/confirmed_fronts/Mazda/2012/Mazda$$CX-5$$2012$$Black$$57_7$$915$$image_0.jpg
57_7$$975$$0,car_57_7,57_7,images/car_57_7/Mazda$$CX-5$$2012$$Blue$$57_7$$975$$image_0.jpg,0,data/Confirmed_fronts/confirmed_fronts/Mazda/2012/Mazda$$CX-5$$2012$$Blue$$57_7$$975$$image_0.jpg
57_7$$579$$0,car_57_7,57_7,images/car_57_7/Mazda$$CX-5$$2012$$Silver$$57_7$$579$$image_0.jpg,0,data/Confirmed_fronts/confirmed_fronts/Mazda/2012/Mazda$$CX-5$$2012$$Silver$$57_7$$579$$image_0.jpg
57_5$$4$$0,car_57_5,57_5,images/car_57_5/Mazda$$BT-50$$2007$$Blue$$57_5$$4$$image_0.jpg,0,data/Confirmed_fronts/confirmed_fronts/Mazda/2007/Mazda$$BT-50$$2007$$Blue$$57_5$$4$$image_0.jpg
57_5$$6$$4,car_57_5,57_5,images/car_57_5/Mazda$$BT-50$$2009$$Black$$57_5$$6$$image_4.jpg,0,data/Confirmed_fronts/confirmed_fronts/Mazda/2009/Mazda$$BT-50$$2009$$Black$$57_5$$6$$image_4.jpg
57_5$$5$$0,car_57_5,57_5,images/car_57_5/Mazda$$BT-50$$2009$$Red$$57_5$$5$$image_0.jpg,0,data/Confirmed_fronts/confirmed_fronts/Mazda/2009/Mazda$$BT-50$$2009$$Red$$57_5$$5$$image_0.jpg
57_5$$3$$0,car_57_5,57_5,images/car_57_5/Mazda$$BT-50$$2009$$Silver$$57_5$$3$$image_0.jpg,0,data/Confirmed_fronts/confirmed_fronts/Mazda/2009/Mazda$$BT-50$$2009$$Silver$$57_5$$3$$image_0.jpg
36_8$$356$$5,car_36_8,36_8,images/car_36_8/Hyundai$$i10$$2008$$Blue$$36_8$$356$$image_5.jpg,0,data/Confirmed_fronts/confirmed_fronts/Hyundai/2008/Hyundai$$i10$$2008$$Blue$$36_8$$356$$image_5.jpg
36_8$$814$$0,car_36_8,36_8,images/car_36_8/Hyundai$$i10$$2008$$Grey$$36_8$$814$$image_0.jpg,0,data/Confirmed_fronts/confirmed_fronts/Hyundai/2008/Hyundai$$i10$$2008$$Grey$$36_8$$814$$image_0.jpg
36_8$$716$$1,car_36_8,36_8,images/car_36_8/Hyundai$$i10$$2009$$Black$$36_8$$716$$image_1.jpg,0,data/Confirmed_fronts/confirmed_fronts/Hyundai/2009/Hyundai$$i10$$2009$$Black$$36_8$$716$$image_1.jpg
36_8$$716$$2,car_36_8,36_8,images/car_36_8/Hyundai$$i10$$2009$$Black$$36_8$$716$$image_2.jpg,0,data/Confirmed_fronts/confirmed_fronts/Hyundai/2009/Hyundai$$i10$$2009$$Black$$36_8$$716$$image_2.jpg
36_8$$762$$4,car_36_8,36_8,images/car_36_8/Hyundai$$i10$$2009$$Black$$36_8$$762$$image_4.jpg,0,data/Confirmed_fronts/confirmed_fronts/Hyundai/2009/Hyundai$$i10$$2009$$Black$$36_8$$762$$image_4.jpg
36_20$$678$$1,car_36_20,36_20,images/car_36_20/Hyundai$$Santa Fe$$2003$$Black$$36_20$$678$$image_1.jpg,0,data/Confirmed_fronts/confirmed_fronts/Hyundai/2003/Hyundai$$Santa Fe$$2003$$Black$$36_20$$678$$image_1.jpg
36_20$$176$$5,car_36_20,36_20,images/car_36_20/Hyundai$$Santa Fe$$2003$$Blue$$36_20$$176$$image_5.jpg,0,data/Confirmed_fronts/confirmed_fronts/Hyundai/2003/Hyundai$$Santa Fe$$2003$$Blue$$36_20$$176$$image_5.jpg
36_20$$524$$6,car_36_20,36_20,images/car_36_20/Hyundai$$Santa Fe$$2003$$Silver$$36_20$$524$$image_6.jpg,0,data/Confirmed_fronts/confirmed_fronts/Hyundai/2003/Hyundai$$Santa Fe$$2003$$Silver$$36_20$$524$$image_6.jpg
36_20$$638$$26,car_36_20,36_20,images/car_36_20/Hyundai$$Santa Fe$$2003$$Silver$$36_20$$638$$image_26.jpg,0,data/Confirmed_fronts/confirmed_fronts/Hyundai/2003/Hyundai$$Santa Fe$$2003$$Silver$$36_20$$638$$image_26.jpg
36_20$$178$$10,car_36_20,36_20,images/car_36_20/Hyundai$$Santa Fe$$2006$$Black$$36_20$$178$$image_10.jpg,0,data/Confirmed_fronts/confirmed_fronts/Hyundai/2006/Hyundai$$Santa Fe$$2006$$Black$$36_20$$178$$image_10.jpg
36_24$$215$$0,car_36_24,36_24,images/car_36_24/Hyundai$$Tucson$$2006$$Black$$36_24$$215$$image_0.jpg,0,data/Confirmed_fronts/confirmed_fronts/Hyundai/2006/Hyundai$$Tucson$$2006$$Black$$36_24$$215$$image_0.jpg
36_24$$245$$0,car_36_24,36_24,images/car_36_24/Hyundai$$Tucson$$2006$$Black$$36_24$$245$$image_0.jpg,0,data/Confirmed_fronts/confirmed_fronts/Hyundai/2006/Hyundai$$Tucson$$2006$$Black$$36_24$$245$$image_0.jpg
36_24$$54$$0,car_36_24,36_24,images/car_36_24/Hyundai$$Tucson$$2006$$Black$$36_24$$54$$image_0.jpg,0,data/Confirmed_fronts/confirmed_fronts/Hyundai/2006/Hyundai$$Tucson$$2006$$Black$$36_24$$54$$image_0.jpg
36_24$$290$$8,car_36_24,36_24,images/car_36_24/Hyundai$$Tucson$$2007$$Black$$36_24$$290$$image_8.jpg,0,data/Confirmed_fronts/confirmed_fronts/Hyundai/2007/Hyundai$$Tucson$$2007$$Black$$36_24$$290$$image_8.jpg
36_24$$178$$2,car_36_24,36_24,images/car_36_24/Hyundai$$Tucson$$2007$$Blue$$36_24$$178$$image_2.jpg,0,data/Confirmed_fronts/confirmed_fronts/Hyundai/2007/Hyundai$$Tucson$$2007$$Blue$$36_24$$178$$image_2.jpg
36_1$$2$$10,car_36_1,36_1,images/car_36_1/Hyundai$$Accent$$2000$$Blue$$36_1$$2$$image_10.jpg,0,data/Confirmed_fronts/confirmed_fronts/Hyundai/2000/Hyundai$$Accent$$2000$$Blue$$36_1$$2$$image_10.jpg
36_4$$1$$2,car_36_4,36_4,images/car_36_4/Hyundai$$Elantra$$2003$$Red$$36_4$$1$$image_2.jpg,0,data/Confirmed_fronts/confirmed_fronts/Hyundai/2003/Hyundai$$Elantra$$2003$$Red$$36_4$$1$$image_2.jpg
43_9$$761$$0,car_43_9,43_9,images/car_43_9/Kia$$Rio$$2003$$Black$$43_9$$761$$image_0.jpg,0,data/Confirmed_fronts/confirmed_fronts/Kia/2003/Kia$$Rio$$2003$$Black$$43_9$$761$$image_0.jpg
43_9$$122$$0,car_43_9,43_9,images/car_43_9/Kia$$Rio$$2006$$Black$$43_9$$122$$image_0.jpg,0,data/Confirmed_fronts/confirmed_fronts/Kia/2006/Kia$$Rio$$2006$$Black$$43_9$$122$$image_0.jpg
43_9$$667$$3,car_43_9,43_9,images/car_43_9/Kia$$Rio$$2006$$Blue$$43_9$$667$$image_3.jpg,0,data/Confirmed_fronts/confirmed_fronts/Kia/2006/Kia$$Rio$$2006$$Blue$$43_9$$667$$image_3.jpg
43_9$$839$$0,car_43_9,43_9,images/car_43_9/Kia$$Rio$$2006$$Blue$$43_9$$839$$image_0.jpg,0,data/Confirmed_fronts/confirmed_fronts/Kia/2006/Kia$$Rio$$2006$$Blue$$43_9$$839$$image_0.jpg
43_9$$96$$2,car_43_9,43_9,images/car_43_9/Kia$$Rio$$2006$$Blue$$43_9$$96$$image_2.jpg,0,data/Confirmed_fronts/confirmed_fronts/Kia/2006/Kia$$Rio$$2006$$Blue$$43_9$$96$$image_2.jpg
43_7$$113$$5,car_43_7,43_7,images/car_43_7/Kia$$Picanto$$2006$$Black$$43_7$$113$$image_5.jpg,0,data/Confirmed_fronts/confirmed_fronts/Kia/2006/Kia$$Picanto$$2006$$Black$$43_7$$113$$image_5.jpg
43_7$$449$$1,car_43_7,43_7,images/car_43_7/Kia$$Picanto$$2006$$Black$$43_7$$449$$image_1.jpg,0,data/Confirmed_fronts/confirmed_fronts/Kia/2006/Kia$$Picanto$$2006$$Black$$43_7$$449$$image_1.jpg
43_7$$648$$3,car_43_7,43_7,images/car_43_7/Kia$$Picanto$$2006$$Black$$43_7$$648$$image_3.jpg,0,data/Confirmed_fronts/confirmed_fronts/Kia/2006/Kia$$Picanto$$2006$$Black$$43_7$$648$$image_3.jpg
43_7$$757$$6,car_43_7,43_7,images/car_43_7/Kia$$Picanto$$2006$$Black$$43_7$$757$$image_6.jpg,0,data/Confirmed_fronts/confirmed_fronts/Kia/2006/Kia$$Picanto$$2006$$Black$$43_7$$757$$image_6.jpg
43_7$$445$$5,car_43_7,43_7,images/car_43_7/Kia$$Picanto$$2007$$Blue$$43_7$$445$$image_5.jpg,0,data/Confirmed_fronts/confirmed_fronts/Kia/2007/Kia$$Picanto$$2007$$Blue$$43_7$$445$$image_5.jpg
43_13$$351$$4,car_43_13,43_13,images/car_43_13/Kia$$Sportage$$2006$$Black$$43_13$$351$$image_4.jpg,0,data/Confirmed_fronts/confirmed_fronts/Kia/2006/Kia$$Sportage$$2006$$Black$$43_13$$351$$image_4.jpg
43_13$$696$$5,car_43_13,43_13,images/car_43_13/Kia$$Sportage$$2006$$Black$$43_13$$696$$image_5.jpg,0,data/Confirmed_fronts/confirmed_fronts/Kia/2006/Kia$$Sportage$$2006$$Black$$43_13$$696$$image_5.jpg
43_13$$717$$2,car_43_13,43_13,images/car_43_13/Kia$$Sportage$$2007$$Black$$43_13$$717$$image_2.jpg,0,data/Confirmed_fronts/confirmed_fronts/Kia/2007/Kia$$Sportage$$2007$$Black$$43_13$$717$$image_2.jpg
43_13$$785$$31,car_43_13,43_13,images/car_43_13/Kia$$Sportage$$2008$$Silver$$43_13$$785$$image_31.jpg,0,data/Confirmed_fronts/confirmed_fronts/Kia/2008/Kia$$Sportage$$2008$$Silver$$43_13$$785$$image_31.jpg
43_13$$640$$17,car_43_13,43_13,images/car_43_13/Kia$$Sportage$$2010$$Black$$43_13$$640$$image_17.jpg,0,data/Confirmed_fronts/confirmed_fronts/Kia/2010/Kia$$Sportage$$2010$$Black$$43_13$$640$$image_17.jpg
43_11$$447$$0,car_43_11,43_11,images/car_43_11/Kia$$Sorento$$2003$$Black$$43_11$$447$$image_0.jpg,0,data/Confirmed_fronts/confirmed_fronts/Kia/2003/Kia$$Sorento$$2003$$Black$$43_11$$447$$image_0.jpg
43_11$$386$$0,car_43_11,43_11,images/car_43_11/Kia$$Sorento$$2003$$Red$$43_11$$386$$image_0.jpg,0,data/Confirmed_fronts/confirmed_fronts/Kia/2003/Kia$$Sorento$$2003$$Red$$43_11$$386$$image_0.jpg
43_11$$178$$1,car_43_11,43_11,images/car_43_11/Kia$$Sorento$$2006$$Black$$43_11$$178$$image_1.jpg,0,data/Confirmed_fronts/confirmed_fronts/Kia/2006/Kia$$Sorento$$2006$$Black$$43_11$$178$$image_1.jpg
43_11$$305$$0,car_43_11,43_11,images/car_43_11/Kia$$Sorento$$2006$$Black$$43_11$$305$$image_0.jpg,0,data/Confirmed_fronts/confirmed_fronts/Kia/2006/Kia$$Sorento$$2006$$Black$$43_11$$305$$image_0.jpg
43_11$$365$$9,car_43_11,43_11,images/car_43_11/Kia$$Sorento$$2006$$Black$$43_11$$365$$image_9.jpg,0,data/Confirmed_fronts/confirmed_fronts/Kia/2006/Kia$$Sorento$$2006$$Black$$43_11$$365$$image_9.jpg
43_1$$459$$0,car_43_1,43_1,images/car_43_1/Kia$$Carens$$2003$$Silver$$43_1$$459$$image_0.jpg,0,data/Confirmed_fronts/confirmed_fronts/Kia/2003/Kia$$Carens$$2003$$Silver$$43_1$$459$$image_0.jpg
43_1$$158$$0,car_43_1,43_1,images/car_43_1/Kia$$Carens$$2006$$Blue$$43_1$$158$$image_0.jpg,0,data/Confirmed_fronts/confirmed_fronts/Kia/2006/Kia$$Carens$$2006$$Blue$$43_1$$158$$image_0.jpg
43_1$$27$$8,car_43_1,43_1,images/car_43_1/Kia$$Carens$$2006$$Blue$$43_1$$27$$image_8.jpg,0,data/Confirmed_fronts/confirmed_fronts/Kia/2006/Kia$$Carens$$2006$$Blue$$43_1$$27$$image_8.jpg
43_1$$288$$8,car_43_1,43_1,images/car_43_1/Kia$$Carens$$2006$$Blue$$43_1$$288$$image_8.jpg,0,data/Confirmed_fronts/confirmed_fronts/Kia/2006/Kia$$Carens$$2006$$Blue$$43_1$$288$$image_8.jpg
43_1$$399$$0,car_43_1,43_1,images/car_43_1/Kia$$Carens$$2007$$Black$$43_1$$399$$image_0.jpg,0,data/Confirmed_fronts/confirmed_fronts/Kia/2007/Kia$$Carens$$2007$$Black$$43_1$$399$$image_0.jpg
43_6$$136$$17,car_43_6,43_6,images/car_43_6/Kia$$Optima$$2012$$Black$$43_6$$136$$image_17.jpg,0,data/Confirmed_fronts/confirmed_fronts/Kia/2012/Kia$$Optima$$2012$$Black$$43_6$$136$$image_17.jpg
43_6$$166$$7,car_43_6,43_6,images/car_43_6/Kia$$Optima$$2012$$Black$$43_6$$166$$image_7.jpg,0,data/Confirmed_fronts/confirmed_fronts/Kia/2012/Kia$$Optima$$2012$$Black$$43_6$$166$$image_7.jpg
43_6$$299$$5,car_43_6,43_6,images/car_43_6/Kia$$Optima$$2012$$Black$$43_6$$299$$image_5.jpg,0,data/Confirmed_fronts/confirmed_fronts/Kia/2012/Kia$$Optima$$2012$$Black$$43_6$$299$$image_5.jpg
43_6$$41$$0,car_43_6,43_6,images/car_43_6/Kia$$Optima$$2012$$Black$$43_6$$41$$image_0.jpg,0,data/Confirmed_fronts/confirmed_fronts/Kia/2012/Kia$$Optima$$2012$$Black$$43_6$$41$$image_0.jpg
43_6$$129$$0,car_43_6,43_6,images/car_43_6/Kia$$Optima$$2012$$Silver$$43_6$$129$$image_0.jpg,0,data/Confirmed_fronts/confirmed_fronts/Kia/2012/Kia$$Optima$$2012$$Silver$$43_6$$129$$image_0.jpg
43_10$$4$$2,car_43_10,43_10,images/car_43_10/Kia$$Sedona$$2003$$Black$$43_10$$4$$image_2.jpg,0,data/Confirmed_fronts/confirmed_fronts/Kia/2003/Kia$$Sedona$$2003$$Black$$43_10$$4$$image_2.jpg
43_10$$50$$15,car_43_10,43_10,images/car_43_10/Kia$$Sedona$$2007$$Black$$43_10$$50$$image_15.jpg,0,data/Confirmed_fronts/confirmed_fronts/Kia/2007/Kia$$Sedona$$2007$$Black$$43_10$$50$$image_15.jpg
43_10$$1$$0,car_43_10,43_10,images/car_43_10/Kia$$Sedona$$2007$$Silver$$43_10$$1$$image_0.jpg,0,data/Confirmed_fronts/confirmed_fronts/Kia/2007/Kia$$Sedona$$2007$$Silver$$43_10$$1$$image_0.jpg
43_10$$31$$0,car_43_10,43_10,images/car_43_10/Kia$$Sedona$$2007$$Silver$$43_10$$31$$image_0.jpg,0,data/Confirmed_fronts/confirmed_fronts/Kia/2007/Kia$$Sedona$$2007$$Silver$$43_10$$31$$image_0.jpg
43_10$$11$$3,car_43_10,43_10,images/car_43_10/Kia$$Sedona$$2008$$Black$$43_10$$11$$image_3.jpg,0,data/Confirmed_fronts/confirmed_fronts/Kia/2008/Kia$$Sedona$$2008$$Black$$43_10$$11$$image_3.jpg
43_3$$4$$1,car_43_3,43_3,images/car_43_3/Kia$$Cerato$$2006$$Blue$$43_3$$4$$image_1.jpg,0,data/Confirmed_fronts/confirmed_fronts/Kia/2006/Kia$$Cerato$$2006$$Blue$$43_3$$4$$image_1.jpg
43_3$$4$$17,car_43_3,43_3,images/car_43_3/Kia$$Cerato$$2006$$Blue$$43_3$$4$$image_17.jpg,0,data/Confirmed_fronts/confirmed_fronts/Kia/2006/Kia$$Cerato$$2006$$Blue$$43_3$$4$$image_17.jpg
43_3$$6$$1,car_43_3,43_3,images/car_43_3/Kia$$Cerato$$2006$$Blue$$43_3$$6$$image_1.jpg,0,data/Confirmed_fronts/confirmed_fronts/Kia/2006/Kia$$Cerato$$2006$$Blue$$43_3$$6$$image_1.jpg
43_3$$13$$1,car_43_3,43_3,images/car_43_3/Kia$$Cerato$$2007$$Silver$$43_3$$13$$image_1.jpg,0,data/Confirmed_fronts/confirmed_fronts/Kia/2007/Kia$$Cerato$$2007$$Silver$$43_3$$13$$image_1.jpg
29_14$$1308$$13,car_29_14,29_14,images/car_29_14/Ford$$Focus$$2000$$Blue$$29_14$$1308$$image_13.jpg,0,data/Confirmed_fronts/confirmed_fronts/Ford/2000/Ford$$Focus$$2000$$Blue$$29_14$$1308$$image_13.jpg
29_14$$3165$$20,car_29_14,29_14,images/car_29_14/Ford$$Focus$$2000$$Blue$$29_14$$3165$$image_20.jpg,0,data/Confirmed_fronts/confirmed_fronts/Ford/2000/Ford$$Focus$$2000$$Blue$$29_14$$3165$$image_20.jpg
29_14$$2354$$0,car_29_14,29_14,images/car_29_14/Ford$$Focus$$2003$$Black$$29_14$$2354$$image_0.jpg,0,data/Confirmed_fronts/confirmed_fronts/Ford/2003/Ford$$Focus$$2003$$Black$$29_14$$2354$$image_0.jpg
29_14$$237$$5,car_29_14,29_14,images/car_29_14/Ford$$Focus$$2003$$Black$$29_14$$237$$image_5.jpg,0,data/Confirmed_fronts/confirmed_fronts/Ford/2003/Ford$$Focus$$2003$$Black$$29_14$$237$$image_5.jpg
29_14$$3787$$0,car_29_14,29_14,images/car_29_14/Ford$$Focus$$2003$$Black$$29_14$$3787$$image_0.jpg,0,data/Confirmed_fronts/confirmed_fronts/Ford/2003/Ford$$Focus$$2003$$Black$$29_14$$3787$$image_0.jpg
29_13$$1304$$0,car_29_13,29_13,images/car_29_13/Ford$$Fiesta$$2000$$Blue$$29_13$$1304$$image_0.jpg,0,data/Confirmed_fronts/confirmed_fronts/Ford/2000/Ford$$Fiesta$$2000$$Blue$$29_13$$1304$$image_0.jpg
29_13$$2841$$9,car_29_13,29_13,images/car_29_13/Ford$$Fiesta$$2000$$Green$$29_13$$2841$$image_9.jpg,0,data/Confirmed_fronts/confirmed_fronts/Ford/2000/Ford$$Fiesta$$2000$$Green$$29_13$$2841$$image_9.jpg
29_13$$3455$$0,car_29_13,29_13,images/car_29_13/Ford$$Fiesta$$2000$$Green$$29_13$$3455$$image_0.jpg,0,data/Confirmed_fronts/confirmed_fronts/Ford/2000/Ford$$Fiesta$$2000$$Green$$29_13$$3455$$image_0.jpg
29_13$$571$$1,car_29_13,29_13,images/car_29_13/Ford$$Fiesta$$2000$$Green$$29_13$$571$$image_1.jpg,0,data/Confirmed_fronts/confirmed_fronts/Ford/2000/Ford$$Fiesta$$2000$$Green$$29_13$$571$$image_1.jpg
29_13$$2102$$0,car_29_13,29_13,images/car_29_13/Ford$$Fiesta$$2003$$Black$$29_13$$2102$$image_0.jpg,0,data/Confirmed_fronts/confirmed_fronts/Ford/2003/Ford$$Fiesta$$2003$$Black$$29_13$$2102$$image_0.jpg
29_4$$131$$0,car_29_4,29_4,images/car_29_4/Ford$$EcoSport$$2014$$Black$$29_4$$131$$image_0.jpg,0,data/Confirmed_fronts/confirmed_fronts/Ford/2014/Ford$$EcoSport$$2014$$Black$$29_4$$131$$image_0.jpg
29_4$$131$$11,car_29_4,29_4,images/car_29_4/Ford$$EcoSport$$2014$$Black$$29_4$$131$$image_11.jpg,0,data/Confirmed_fronts/confirmed_fronts/Ford/2014/Ford$$EcoSport$$2014$$Black$$29_4$$131$$image_11.jpg
29_4$$173$$2,car_29_4,29_4,images/car_29_4/Ford$$EcoSport$$2014$$Black$$29_4$$173$$image_2.jpg,0,data/Confirmed_fronts/confirmed_fronts/Ford/2014/Ford$$EcoSport$$2014$$Black$$29_4$$173$$image_2.jpg
29_4$$240$$13,car_29_4,29_4,images/car_29_4/Ford$$EcoSport$$2014$$Black$$29_4$$240$$image_13.jpg,0,data/Confirmed_fronts/confirmed_fronts/Ford/2014/Ford$$EcoSport$$2014$$Black$$29_4$$240$$image_13.jpg
29_4$$296$$5,car_29_4,29_4,images/car_29_4/Ford$$EcoSport$$2014$$Black$$29_4$$296$$image_5.jpg,0,data/Confirmed_fronts/confirmed_fronts/Ford/2014/Ford$$EcoSport$$2014$$Black$$29_4$$296$$image_5.jpg
29_30$$103$$22,car_29_30,29_30,images/car_29_30/Ford$$Ranger$$2006$$Black$$29_30$$103$$image_22.jpg,0,data/Confirmed_fronts/confirmed_fronts/Ford/2006/Ford$$Ranger$$2006$$Black$$29_30$$103$$image_22.jpg
29_30$$714$$0,car_29_30,29_30,images/car_29_30/Ford$$Ranger$$2006$$Black$$29_30$$714$$image_0.jpg,0,data/Confirmed_fronts/confirmed_fronts/Ford/2006/Ford$$Ranger$$2006$$Black$$29_30$$714$$image_0.jpg
29_30$$462$$1,car_29_30,29_30,images/car_29_30/Ford$$Ranger$$2006$$Grey$$29_30$$462$$image_1.jpg,0,data/Confirmed_fronts/confirmed_fronts/Ford/2006/Ford$$Ranger$$2006$$Grey$$29_30$$462$$image_1.jpg
29_30$$123$$0,car_29_30,29_30,images/car_29_30/Ford$$Ranger$$2007$$Black$$29_30$$123$$image_0.jpg,0,data/Confirmed_fronts/confirmed_fronts/Ford/2007/Ford$$Ranger$$2007$$Black$$29_30$$123$$image_0.jpg
29_30$$380$$0,car_29_30,29_30,images/car_29_30/Ford$$Ranger$$2007$$Black$$29_30$$380$$image_0.jpg,0,data/Confirmed_fronts/confirmed_fronts/Ford/2007/Ford$$Ranger$$2007$$Black$$29_30$$380$$image_0.jpg
29_28$$2$$2,car_29_28,29_28,images/car_29_28/Ford$$Mustang$$2007$$Blue$$29_28$$2$$image_2.jpg,0,data/Confirmed_fronts/confirmed_fronts/Ford/2007/Ford$$Mustang$$2007$$Blue$$29_28$$2$$image_2.jpg
29_28$$307$$2,car_29_28,29_28,images/car_29_28/Ford$$Mustang$$2007$$Silver$$29_28$$307$$image_2.jpg,0,data/Confirmed_fronts/confirmed_fronts/Ford/2007/Ford$$Mustang$$2007$$Silver$$29_28$$307$$image_2.jpg
29_28$$136$$2,car_29_28,29_28,images/car_29_28/Ford$$Mustang$$2015$$Black$$29_28$$136$$image_2.jpg,0,data/Confirmed_fronts/confirmed_fronts/Ford/2015/Ford$$Mustang$$2015$$Black$$29_28$$136$$image_2.jpg
29_28$$290$$1,car_29_28,29_28,images/car_29_28/Ford$$Mustang$$2015$$Red$$29_28$$290$$image_1.jpg,0,data/Confirmed_fronts/confirmed_fronts/Ford/2015/Ford$$Mustang$$2015$$Red$$29_28$$290$$image_1.jpg
29_28$$69$$6,car_29_28,29_28,images/car_29_28/Ford$$Mustang$$2015$$Red$$29_28$$69$$image_6.jpg,0,data/Confirmed_fronts/confirmed_fronts/Ford/2015/Ford$$Mustang$$2015$$Red$$29_28$$69$$image_6.jpg
29_5$$117$$11,car_29_5,29_5,images/car_29_5/Ford$$Edge$$2016$$Black$$29_5$$117$$image_11.jpg,0,data/Confirmed_fronts/confirmed_fronts/Ford/2016/Ford$$Edge$$2016$$Black$$29_5$$117$$image_11.jpg
29_5$$124$$0,car_29_5,29_5,images/car_29_5/Ford$$Edge$$2016$$Black$$29_5$$124$$image_0.jpg,0,data/Confirmed_fronts/confirmed_fronts/Ford/2016/Ford$$Edge$$2016$$Black$$29_5$$124$$image_0.jpg
29_5$$126$$23,car_29_5,29_5,images/car_29_5/Ford$$Edge$$2016$$Black$$29_5$$126$$image_23.jpg,0,data/Confirmed_fronts/confirmed_fronts/Ford/2016/Ford$$Edge$$2016$$Black$$29_5$$126$$image_23.jpg
29_5$$126$$49,car_29_5,29_5,images/car_29_5/Ford$$Edge$$2016$$Black$$29_5$$126$$image_49.jpg,0,data/Confirmed_fronts/confirmed_fronts/Ford/2016/Ford$$Edge$$2016$$Black$$29_5$$126$$image_49.jpg
29_5$$199$$0,car_29_5,29_5,images/car_29_5/Ford$$Edge$$2016$$Black$$29_5$$199$$image_0.jpg,0,data/Confirmed_fronts/confirmed_fronts/Ford/2016/Ford$$Edge$$2016$$Black$$29_5$$199$$image_0.jpg
29_9$$2$$3,car_29_9,29_9,images/car_29_9/Ford$$Explorer$$2003$$Red$$29_9$$2$$image_3.jpg,0,data/Confirmed_fronts/confirmed_fronts/Ford/2003/Ford$$Explorer$$2003$$Red$$29_9$$2$$image_3.jpg
29_9$$3$$1,car_29_9,29_9,images/car_29_9/Ford$$Explorer$$2003$$Silver$$29_9$$3$$image_1.jpg,0,data/Confirmed_fronts/confirmed_fronts/Ford/2003/Ford$$Explorer$$2003$$Silver$$29_9$$3$$image_1.jpg
62_16$$295$$13,car_62_16,62_16,images/car_62_16/Mitsubishi$$Outlander$$2003$$Silver$$62_16$$295$$image_13.jpg,0,data/Confirmed_fronts/confirmed_fronts/Mitsubishi/2003/Mitsubishi$$Outlander$$2003$$Silver$$62_16$$295$$image_13.jpg
62_16$$264$$3,car_62_16,62_16,images/car_62_16/Mitsubishi$$Outlander$$2006$$Silver$$62_16$$264$$image_3.jpg,0,data/Confirmed_fronts/confirmed_fronts/Mitsubishi/2006/Mitsubishi$$Outlander$$2006$$Silver$$62_16$$264$$image_3.jpg
62_16$$31$$3,car_62_16,62_16,images/car_62_16/Mitsubishi$$Outlander$$2006$$Unlisted$$62_16$$31$$image_3.jpg,0,data/Confirmed_fronts/confirmed_fronts/Mitsubishi/2006/Mitsubishi$$Outlander$$2006$$Unlisted$$62_16$$31$$image_3.jpg
62_16$$189$$14,car_62_16,62_16,images/car_62_16/Mitsubishi$$Outlander$$2009$$Black$$62_16$$189$$image_14.jpg,0,data/Confirmed_fronts/confirmed_fronts/Mitsubishi/2009/Mitsubishi$$Outlander$$2009$$Black$$62_16$$189$$image_14.jpg
62_16$$329$$1,car_62_16,62_16,images/car_62_16/Mitsubishi$$Outlander$$2009$$Black$$62_16$$329$$image_1.jpg,0,data/Confirmed_fronts/confirmed_fronts/Mitsubishi/2009/Mitsubishi$$Outlander$$2009$$Black$$62_16$$329$$image_1.jpg
62_15$$106$$4,car_62_15,62_15,images/car_62_15/Mitsubishi$$Mirage$$2013$$Black$$62_15$$106$$image_4.jpg,0,data/Confirmed_fronts/confirmed_fronts/Mitsubishi/2013/Mitsubishi$$Mirage$$2013$$Black$$62_15$$106$$image_4.jpg
62_15$$128$$0,car_62_15,62_15,images/car_62_15/Mitsubishi$$Mirage$$2013$$Black$$62_15$$128$$image_0.jpg,0,data/Confirmed_fronts/confirmed_fronts/Mitsubishi/2013/Mitsubishi$$Mirage$$2013$$Black$$62_15$$128$$image_0.jpg
62_15$$128$$1,car_62_15,62_15,images/car_62_15/Mitsubishi$$Mirage$$2013$$Black$$62_15$$128$$image_1.jpg,0,data/Confirmed_fronts/confirmed_fronts/Mitsubishi/2013/Mitsubishi$$Mirage$$2013$$Black$$62_15$$128$$image_1.jpg
62_15$$137$$16,car_62_15,62_15,images/car_62_15/Mitsubishi$$Mirage$$2013$$Black$$62_15$$137$$image_16.jpg,0,data/Confirmed_fronts/confirmed_fronts/Mitsubishi/2013/Mitsubishi$$Mirage$$2013$$Black$$62_15$$137$$image_16.jpg
62_15$$156$$0,car_62_15,62_15,images/car_62_15/Mitsubishi$$Mirage$$2013$$Black$$62_15$$156$$image_0.jpg,0,data/Confirmed_fronts/confirmed_fronts/Mitsubishi/2013/Mitsubishi$$Mirage$$2013$$Black$$62_15$$156$$image_0.jpg
62_7$$99$$3,car_62_7,62_7,images/car_62_7/Mitsubishi$$Eclipse Cross$$2017$$Red$$62_7$$99$$image_3.jpg,0,data/Confirmed_fronts/confirmed_fronts/Mitsubishi/2017/Mitsubishi$$Eclipse Cross$$2017$$Red$$62_7$$99$$image_3.jpg
62_20$$28$$10,car_62_20,62_20,images/car_62_20/Mitsubishi$$Shogun Sport$$2003$$Silver$$62_20$$28$$image_10.jpg,0,data/Confirmed_fronts/confirmed_fronts/Mitsubishi/2003/Mitsubishi$$Shogun Sport$$2003$$Silver$$62_20$$28$$image_10.jpg
62_20$$16$$13,car_62_20,62_20,images/car_62_20/Mitsubishi$$Shogun Sport$$2006$$Black$$62_20$$16$$image_13.jpg,0,data/Confirmed_fronts/confirmed_fronts/Mitsubishi/2006/Mitsubishi$$Shogun Sport$$2006$$Black$$62_20$$16$$image_13.jpg
62_20$$20$$0,car_62_20,62_20,images/car_62_20/Mitsubishi$$Shogun Sport$$2006$$Black$$62_20$$20$$image_0.jpg,0,data/Confirmed_fronts/confirmed_fronts/Mitsubishi/2006/Mitsubishi$$Shogun Sport$$2006$$Black$$62_20$$20$$image_0.jpg
62_20$$6$$0,car_62_20,62_20,images/car_62_20/Mitsubishi$$Shogun Sport$$2006$$Black$$62_20$$6$$image_0.jpg,0,data/Confirmed_fronts/confirmed_fronts/Mitsubishi/2006/Mitsubishi$$Shogun Sport$$2006$$Black$$62_20$$6$$image_0.jpg
64_41$$810$$3,car_64_41,64_41,images/car_64_41/Nissan$$X-Trail$$2003$$Black$$64_41$$810$$image_3.jpg,0,data/Confirmed_fronts/confirmed_fronts/Nissan/2003/Nissan$$X-Trail$$2003$$Black$$64_41$$810$$image_3.jpg
64_41$$1155$$0,car_64_41,64_41,images/car_64_41/Nissan$$X-Trail$$2006$$Black$$64_41$$1155$$image_0.jpg,0,data/Confirmed_fronts/confirmed_fronts/Nissan/2006/Nissan$$X-Trail$$2006$$Black$$64_41$$1155$$image_0.jpg
64_41$$15$$1,car_64_41,64_41,images/car_64_41/Nissan$$X-Trail$$2006$$Black$$64_41$$15$$image_1.jpg,0,data/Confirmed_fronts/confirmed_fronts/Nissan/2006/Nissan$$X-Trail$$2006$$Black$$64_41$$15$$image_1.jpg
64_41$$984$$1,car_64_41,64_41,images/car_64_41/Nissan$$X-Trail$$2006$$Black$$64_41$$984$$image_1.jpg,0,data/Confirmed_fronts/confirmed_fronts/Nissan/2006/Nissan$$X-Trail$$2006$$Black$$64_41$$984$$image_1.jpg
64_41$$479$$1,car_64_41,64_41,images/car_64_41/Nissan$$X-Trail$$2007$$Silver$$64_41$$479$$image_1.jpg,0,data/Confirmed_fronts/confirmed_fronts/Nissan/2007/Nissan$$X-Trail$$2007$$Silver$$64_41$$479$$image_1.jpg
64_20$$342$$2,car_64_20,64_20,images/car_64_20/Nissan$$Navara$$2006$$Black$$64_20$$342$$image_2.jpg,0,data/Confirmed_fronts/confirmed_fronts/Nissan/2006/Nissan$$Navara$$2006$$Black$$64_20$$342$$image_2.jpg
64_20$$546$$2,car_64_20,64_20,images/car_64_20/Nissan$$Navara$$2006$$Black$$64_20$$546$$image_2.jpg,0,data/Confirmed_fronts/confirmed_fronts/Nissan/2006/Nissan$$Navara$$2006$$Black$$64_20$$546$$image_2.jpg
64_20$$546$$6,car_64_20,64_20,images/car_64_20/Nissan$$Navara$$2006$$Black$$64_20$$546$$image_6.jpg,0,data/Confirmed_fronts/confirmed_fronts/Nissan/2006/Nissan$$Navara$$2006$$Black$$64_20$$546$$image_6.jpg
64_20$$93$$0,car_64_20,64_20,images/car_64_20/Nissan$$Navara$$2009$$Black$$64_20$$93$$image_0.jpg,0,data/Confirmed_fronts/confirmed_fronts/Nissan/2009/Nissan$$Navara$$2009$$Black$$64_20$$93$$image_0.jpg
64_20$$1036$$1,car_64_20,64_20,images/car_64_20/Nissan$$Navara$$2009$$Blue$$64_20$$1036$$image_1.jpg,0,data/Confirmed_fronts/confirmed_fronts/Nissan/2009/Nissan$$Navara$$2009$$Blue$$64_20$$1036$$image_1.jpg
64_3$$59$$0,car_64_3,64_3,images/car_64_3/Nissan$$Almera$$2006$$Blue$$64_3$$59$$image_0.jpg,0,data/Confirmed_fronts/confirmed_fronts/Nissan/2006/Nissan$$Almera$$2006$$Blue$$64_3$$59$$image_0.jpg
64_14$$2017$$5,car_64_14,64_14,images/car_64_14/Nissan$$Juke$$2010$$Brown$$64_14$$2017$$image_5.jpg,0,data/Confirmed_fronts/confirmed_fronts/Nissan/2010/Nissan$$Juke$$2010$$Brown$$64_14$$2017$$image_5.jpg
64_14$$1661$$0,car_64_14,64_14,images/car_64_14/Nissan$$Juke$$2011$$Black$$64_14$$1661$$image_0.jpg,0,data/Confirmed_fronts/confirmed_fronts/Nissan/2011/Nissan$$Juke$$2011$$Black$$64_14$$1661$$image_0.jpg
64_14$$2363$$2,car_64_14,64_14,images/car_64_14/Nissan$$Juke$$2011$$Black$$64_14$$2363$$image_2.jpg,0,data/Confirmed_fronts/confirmed_fronts/Nissan/2011/Nissan$$Juke$$2011$$Black$$64_14$$2363$$image_2.jpg
64_14$$579$$3,car_64_14,64_14,images/car_64_14/Nissan$$Juke$$2011$$Black$$64_14$$579$$image_3.jpg,0,data/Confirmed_fronts/confirmed_fronts/Nissan/2011/Nissan$$Juke$$2011$$Black$$64_14$$579$$image_3.jpg
64_14$$624$$1,car_64_14,64_14,images/car_64_14/Nissan$$Juke$$2011$$Black$$64_14$$624$$image_1.jpg,0,data/Confirmed_fronts/confirmed_fronts/Nissan/2011/Nissan$$Juke$$2011$$Black$$64_14$$624$$image_1.jpg
64_19$$9$$1,car_64_19,64_19,images/car_64_19/Nissan$$Murano$$2006$$Black$$64_19$$9$$image_1.jpg,0,data/Confirmed_fronts/confirmed_fronts/Nissan/2006/Nissan$$Murano$$2006$$Black$$64_19$$9$$image_1.jpg
64_19$$4$$2,car_64_19,64_19,images/car_64_19/Nissan$$Murano$$2006$$Grey$$64_19$$4$$image_2.jpg,0,data/Confirmed_fronts/confirmed_fronts/Nissan/2006/Nissan$$Murano$$2006$$Grey$$64_19$$4$$image_2.jpg
64_19$$3$$18,car_64_19,64_19,images/car_64_19/Nissan$$Murano$$2010$$Grey$$64_19$$3$$image_18.jpg,0,data/Confirmed_fronts/confirmed_fronts/Nissan/2010/Nissan$$Murano$$2010$$Grey$$64_19$$3$$image_18.jpg
64_19$$6$$0,car_64_19,64_19,images/car_64_19/Nissan$$Murano$$2010$$Silver$$64_19$$6$$image_0.jpg,0,data/Confirmed_fronts/confirmed_fronts/Nissan/2010/Nissan$$Murano$$2010$$Silver$$64_19$$6$$image_0.jpg
87_6$$30$$0,car_87_6,87_6,images/car_87_6/Suzuki$$Jimny$$2015$$Grey$$87_6$$30$$image_0.jpg,0,data/Confirmed_fronts/confirmed_fronts/Suzuki/2015/Suzuki$$Jimny$$2015$$Grey$$87_6$$30$$image_0.jpg
87_6$$2$$5,car_87_6,87_6,images/car_87_6/Suzuki$$Jimny$$2015$$White$$87_6$$2$$image_5.jpg,0,data/Confirmed_fronts/confirmed_fronts/Suzuki/2015/Suzuki$$Jimny$$2015$$White$$87_6$$2$$image_5.jpg
87_6$$36$$31,car_87_6,87_6,images/car_87_6/Suzuki$$Jimny$$2017$$White$$87_6$$36$$image_31.jpg,0,data/Confirmed_fronts/confirmed_fronts/Suzuki/2017/Suzuki$$Jimny$$2017$$White$$87_6$$36$$image_31.jpg
